,Player,Tm,G,Year,ID
0,Paul Arizin,PHW,66,1952,arizipa01
79,Stan Miasek,BLB,66,1952,miasest01
41,Harry Gallatin,NYK,66,1952,gallaha01
43,Joe Graboski,INO,66,1952,grabojo01
47,Bob Harris,BOS,66,1952,harribo01
52,Mel Hutchins,MLH,66,1952,hutchme01
54,Arnie Johnson,ROC,66,1952,johnsar01
55,Ralph Johnson,FTW,66,1952,johnsra01
58,Noble Jorgensen,SYR,66,1952,jorgeno01
60,Jack Kerris,FTW,66,1952,kerrija01
62,George King,SYR,66,1952,kingge01
68,Ed Macauley,BOS,66,1952,macaued01
70,Slater Martin,MNL,66,1952,martisl01
80,Ed Mikan,PHW,66,1952,mikaned01
32,Bob Donham,BOS,66,1952,donhabo01
82,Vern Mikkelsen,MNL,66,1952,mikkeve01
89,Wally Osterkorn,SYR,66,1952,osterwa01
97,Andy Phillip,PHW,66,1952,phillan01
102,George Ratkovicz,SYR,66,1952,ratkoge01
107,Arnie Risen,ROC,66,1952,risenar01
108,Red Rocha,SYR,66,1952,rochare01
116,Howie Schultz,MNL,66,1952,schulho01
119,Paul Seymour,SYR,66,1952,seymopa01
122,Connie Simmons,NYK,66,1952,simmoco01
127,Odie Spears,ROC,66,1952,spearod01
133,Bobby Wanzer,ROC,66,1952,wanzebo01
37,Larry Foust,FTW,66,1952,foustla01
135,Max Zaslofsky,NYK,66,1952,zasloma01
24,Bob Cousy,BOS,66,1952,cousybo01
3,Leo Barnhorst,INO,66,1952,barnhle01
10,Frankie Brian,FTW,66,1952,brianfr01
9,Bob Brannum,BOS,66,1952,brannbo01
8,Don Boven,MLH,66,1952,bovendo01
22,Jack Coleman,ROC,66,1952,colemja01
23,Chuck Cooper,BOS,66,1952,coopech01
78,Dick Mehen,MLH,65,1952,mehendi01
128,Bill Tosheff,INO,65,1952,toshebi01
64,Frank Kudelka,BLB,65,1952,kudelfr01
48,Bob Harrison,MNL,65,1952,harribo02
99,Jim Pollard,MNL,65,1952,pollaji01
29,Bob Davies,ROC,65,1952,daviebo01
51,Red Holzman,ROC,65,1952,holzmre01
117,Fred Scolari,BLB,64,1952,scolafr01
85,Ralph O'Brien,INO,64,1952,obriera01
81,George Mikan,MNL,64,1952,mikange01
73,Dick McGuire,NYK,64,1952,mcguidi01
56,Neil Johnston,PHW,64,1952,johnsne01
74,Bones McKinney,BOS,63,1952,mckinbo01
66,Don Lofgran,INO,63,1952,lofgrdo01
12,Walt Budko,PHW,63,1952,budkowa01
114,Dolph Schayes,SYR,63,1952,schaydo01
120,Chuck Share,FTW,63,1952,sharech01
121,Bill Sharman,BOS,63,1952,sharmbi01
134,Bob Wilson,MLH,63,1952,wilsobo01
65,Bob Lavoy,INO,63,1952,lavoybo01
113,Fred Schaus,FTW,62,1952,schaufr01
6,Nelson Bobb,PHW,62,1952,bobbne01
2,Don Barksdale,BLB,62,1952,barksdo01
67,Ray Lumpp,NYK,62,1952,lumppra01
20,Nat Clifton,NYK,62,1952,cliftna01
39,Joe Fulks,PHW,61,1952,fulksjo01
49,Lew Hitch,MNL,61,1952,hitchle01
53,Joe Hutton,MNL,60,1952,huttojo01
69,John Mahnken,BOS,60,1952,mahnkjo01
72,Alfred McGuire,NYK,59,1952,mcguial01
57,Wah Wah Jones,INO,58,1952,joneswa01
36,Jake Fendley,FTW,58,1952,fendlja01
16,Gerry Calabrese,SYR,58,1952,calabge01
21,Bill Closs,FTW,57,1952,clossbi01
40,Bill Gabor,SYR,57,1952,gaborbi01
118,George Senesky,PHW,57,1952,senesge01
92,Don Otten,MLH,57,1952,ottendo01
130,Ernie Vandeweghe,NYK,57,1952,vandeer01
83,Dave Minor,BLB,57,1952,minorda01
17,Bill Calhoun,BLB,55,1952,calhobi01
132,Paul Walther,INO,55,1952,walthpa01
18,Al Cervi,SYR,55,1952,cervial01
50,Joe Holland,INO,55,1952,hollajo01
59,George Kaftan,NYK,52,1952,kaftage01
100,Ray Ragelis,ROC,51,1952,ragelra01
34,Dike Eddleman,MLH,50,1952,eddledi01
61,Jack Kiley,FTW,47,1952,kileyja01
31,Dick Dickey,BOS,45,1952,dickedi01
96,Mel Payton,PHW,45,1952,paytome01
1,Cliff Barker,INO,44,1952,barkecl01
87,Kevin O'Shea,MLH,43,1952,osheake01
7,Vince Boryla,NYK,42,1952,borylvi01
101,Sam Ranzino,ROC,39,1952,ranzisa01
110,Pep Saul,BLB,39,1952,saulpe01
124,Whitey Skoog,MNL,35,1952,skoogwh01
131,Brady Walker,BLB,35,1952,walkebr01
45,Alex Hannum,BLB,35,1952,hannual01
77,Joe McNamee,BLB,34,1952,mcnamjo01
27,Dillard Crocker,MLH,32,1952,crockdi01
105,Don Rehfeldt,MLH,29,1952,rehfedo01
14,Art Burris,FTW,29,1952,burriar01
125,Jim Slaughter,BLB,28,1952,slaugji01
42,Vern Gardner,PHW,27,1952,gardnve01
19,Cal Christensen,MLH,24,1952,chrisca01
94,Red Owens,BLB,19,1952,owensre01
30,Nate DeLong,MLH,17,1952,delonna01
11,Stan Brown,PHW,15,1952,brownst01
28,Ed Dahler,PHW,14,1952,dahleed01
5,Charlie Black,MLH,13,1952,blackch01
115,Herb Scherer,NYK,12,1952,scherhe01
112,Don Savage,SYR,12,1952,savagdo01
126,Belus Smawley,BLB,11,1952,smawlbe01
71,John McConathy,MLH,11,1952,mcconjo01
63,Walt Kirk,MLH,11,1952,kirkwa01
98,John Pilch,MNL,9,1952,pilchjo01
84,Paul Noel,ROC,8,1952,noelpa01
129,Gene Vance,MLH,7,1952,vancege01
38,Jerry Fowler,MLH,6,1952,fowleje01
106,John Rennicke,MLH,6,1952,rennijo01
4,Elmer Behnke,MLH,4,1952,behnkel01
123,Zeke Sinicola,FTW,3,1952,sinicze01
